{"cameraMode":{"drawMode":0,"name":"Shaded","section":"Shading Mode"},"sceneLighting":false,"audioPlay":false,"sceneViewState":{"m_AlwaysRefresh":false,"showFog":true,"showSkybox":false,"showFlares":true,"showImageEffects":true,"showParticleSystems":true,"showVisualEffectGraphs":true,"m_FxEnabled":false},"in2DMode":false,"pivot":{"x":-0.08186179399490357,"y":-0.007936138659715653,"z":-0.01485498622059822},"rotation":{"x":-0.09312761574983597,"y":0.03312778100371361,"z":-0.0031583206728100778,"w":-0.9951723217964172},"size":0.07585103809833527,"orthographic":false}