{"cameraMode":{"drawMode":0,"name":"Shaded","section":"Shading Mode"},"sceneLighting":false,"audioPlay":false,"sceneViewState":{"m_AlwaysRefresh":false,"showFog":true,"showSkybox":false,"showFlares":true,"showImageEffects":true,"showParticleSystems":true,"showVisualEffectGraphs":true,"m_FxEnabled":false},"in2DMode":false,"pivot":{"x":0.692547082901001,"y":0.5935263633728027,"z":-1.2773410081863404},"rotation":{"x":0.07517161965370178,"y":-0.15612559020519257,"z":-0.011995979584753514,"w":-0.9848828911781311},"size":1.8383479118347169,"orthographic":false}