{"cameraMode":{"drawMode":0,"name":"Shaded","section":"Shading Mode"},"sceneLighting":false,"audioPlay":false,"sceneViewState":{"m_AlwaysRefresh":false,"showFog":true,"showSkybox":false,"showFlares":true,"showImageEffects":true,"showParticleSystems":true,"showVisualEffectGraphs":true,"m_FxEnabled":false},"in2DMode":false,"pivot":{"x":0.18021973967552186,"y":-0.1892836093902588,"z":0.23548051714897157},"rotation":{"x":-0.1074509248137474,"y":-0.10986021906137467,"z":0.011891292408108712,"w":-0.9881321787834168},"size":0.10325957089662552,"orthographic":false}